,learner,dataset_id,non-monotone,occurrences,significance
0,sklearn.discriminant_analysis.LinearDiscriminantAnalysis,6,False,0,0.0
1,sklearn.discriminant_analysis.LinearDiscriminantAnalysis,11,False,0,0.0
2,sklearn.discriminant_analysis.LinearDiscriminantAnalysis,12,True,1,0.07991360691144708
3,sklearn.discriminant_analysis.LinearDiscriminantAnalysis,14,True,1,0.14290962527553266
4,sklearn.discriminant_analysis.LinearDiscriminantAnalysis,16,False,0,0.0
5,sklearn.discriminant_analysis.LinearDiscriminantAnalysis,18,True,1,0.07264397905759161
6,sklearn.discriminant_analysis.LinearDiscriminantAnalysis,21,False,0,0.0
7,sklearn.discriminant_analysis.LinearDiscriminantAnalysis,22,True,1,0.1818367764368991
8,sklearn.discriminant_analysis.LinearDiscriminantAnalysis,23,True,2,0.24335010783608907
9,sklearn.discriminant_analysis.LinearDiscriminantAnalysis,26,False,0,0.0
10,sklearn.discriminant_analysis.LinearDiscriminantAnalysis,28,True,1,0.5179518254809877
11,sklearn.discriminant_analysis.LinearDiscriminantAnalysis,30,True,2,0.6816143497757852
12,sklearn.discriminant_analysis.LinearDiscriminantAnalysis,32,False,0,0.0
13,sklearn.discriminant_analysis.LinearDiscriminantAnalysis,36,False,0,0.0
14,sklearn.discriminant_analysis.LinearDiscriminantAnalysis,44,True,2,0.72662568747978
15,sklearn.discriminant_analysis.LinearDiscriminantAnalysis,54,True,2,0.15615976900866232
16,sklearn.discriminant_analysis.LinearDiscriminantAnalysis,55,True,1,1.0
17,sklearn.discriminant_analysis.LinearDiscriminantAnalysis,60,True,1,0.492686170212766
18,sklearn.discriminant_analysis.LinearDiscriminantAnalysis,61,False,0,0.0
19,sklearn.discriminant_analysis.LinearDiscriminantAnalysis,181,True,3,0.33370535714285754
20,sklearn.discriminant_analysis.LinearDiscriminantAnalysis,182,True,1,0.5407202216066481
21,sklearn.discriminant_analysis.LinearDiscriminantAnalysis,185,True,1,0.1288056206088994
22,sklearn.discriminant_analysis.LinearDiscriminantAnalysis,201,True,2,0.1254632080465855
23,sklearn.discriminant_analysis.LinearDiscriminantAnalysis,273,True,4,0.6293604651162792
24,sklearn.discriminant_analysis.LinearDiscriminantAnalysis,293,True,2,0.094890510948905
25,sklearn.discriminant_analysis.LinearDiscriminantAnalysis,299,True,1,0.4544091181763648
26,sklearn.discriminant_analysis.LinearDiscriminantAnalysis,300,True,1,0.21954374412041391
27,sklearn.discriminant_analysis.LinearDiscriminantAnalysis,346,True,1,0.33333333333333326
28,sklearn.discriminant_analysis.LinearDiscriminantAnalysis,351,True,1,0.468944099378882
29,sklearn.discriminant_analysis.LinearDiscriminantAnalysis,354,True,7,0.5765306122448988
30,sklearn.discriminant_analysis.LinearDiscriminantAnalysis,357,True,2,0.3796898449224611
31,sklearn.discriminant_analysis.LinearDiscriminantAnalysis,380,False,0,0.0
32,sklearn.discriminant_analysis.LinearDiscriminantAnalysis,389,True,2,0.6164171399070728
33,sklearn.discriminant_analysis.LinearDiscriminantAnalysis,390,True,2,0.5867217280813215
34,sklearn.discriminant_analysis.LinearDiscriminantAnalysis,391,True,3,0.5457543281121185
35,sklearn.discriminant_analysis.LinearDiscriminantAnalysis,392,False,0,0.0
36,sklearn.discriminant_analysis.LinearDiscriminantAnalysis,393,True,1,0.09893455098934544
37,sklearn.discriminant_analysis.LinearDiscriminantAnalysis,395,True,2,1.0
38,sklearn.discriminant_analysis.LinearDiscriminantAnalysis,396,True,2,0.3125000000000001
39,sklearn.discriminant_analysis.LinearDiscriminantAnalysis,398,True,2,0.9772508811278436
40,sklearn.discriminant_analysis.LinearDiscriminantAnalysis,399,True,1,0.2850702731370989
41,sklearn.discriminant_analysis.LinearDiscriminantAnalysis,401,False,0,0.0
42,sklearn.discriminant_analysis.LinearDiscriminantAnalysis,446,False,0,0.0
43,sklearn.discriminant_analysis.LinearDiscriminantAnalysis,554,True,1,0.4389639019013503
44,sklearn.discriminant_analysis.LinearDiscriminantAnalysis,679,True,1,0.35006973500697347
45,sklearn.discriminant_analysis.LinearDiscriminantAnalysis,715,True,2,0.3633387888707038
46,sklearn.discriminant_analysis.LinearDiscriminantAnalysis,718,True,3,0.4445
47,sklearn.discriminant_analysis.LinearDiscriminantAnalysis,720,True,3,0.26764436296975364
48,sklearn.discriminant_analysis.LinearDiscriminantAnalysis,722,False,0,0.0
49,sklearn.discriminant_analysis.LinearDiscriminantAnalysis,723,True,1,0.437570303712036
50,sklearn.discriminant_analysis.LinearDiscriminantAnalysis,727,True,2,0.04803073967339098
51,sklearn.discriminant_analysis.LinearDiscriminantAnalysis,728,True,2,0.3750000000000001
52,sklearn.discriminant_analysis.LinearDiscriminantAnalysis,734,True,1,0.5541379310344827
53,sklearn.discriminant_analysis.LinearDiscriminantAnalysis,735,True,1,0.08755426917510854
54,sklearn.discriminant_analysis.LinearDiscriminantAnalysis,737,True,3,0.4096692111959288
55,sklearn.discriminant_analysis.LinearDiscriminantAnalysis,740,True,1,0.37514060742407196
56,sklearn.discriminant_analysis.LinearDiscriminantAnalysis,741,True,1,0.4000000000000002
57,sklearn.discriminant_analysis.LinearDiscriminantAnalysis,743,True,1,0.7133676092544988
58,sklearn.discriminant_analysis.LinearDiscriminantAnalysis,751,True,2,0.7002700270027002
59,sklearn.discriminant_analysis.LinearDiscriminantAnalysis,752,True,1,0.23370233702337048
60,sklearn.discriminant_analysis.LinearDiscriminantAnalysis,761,True,1,0.6331602373887242
61,sklearn.discriminant_analysis.LinearDiscriminantAnalysis,772,True,2,0.5384615384615392
62,sklearn.discriminant_analysis.LinearDiscriminantAnalysis,797,True,2,0.4619113573407202
63,sklearn.discriminant_analysis.LinearDiscriminantAnalysis,799,True,2,0.42857142857142855
64,sklearn.discriminant_analysis.LinearDiscriminantAnalysis,803,True,1,0.2639378969654199
65,sklearn.discriminant_analysis.LinearDiscriminantAnalysis,806,True,1,0.5262908574135481
66,sklearn.discriminant_analysis.LinearDiscriminantAnalysis,807,True,3,0.6594594594594609
67,sklearn.discriminant_analysis.LinearDiscriminantAnalysis,813,True,3,0.875140607424072
68,sklearn.discriminant_analysis.LinearDiscriminantAnalysis,816,True,1,0.06467013888888898
69,sklearn.discriminant_analysis.LinearDiscriminantAnalysis,819,False,0,0.0
70,sklearn.discriminant_analysis.LinearDiscriminantAnalysis,821,True,2,0.14381270903010057
71,sklearn.discriminant_analysis.LinearDiscriminantAnalysis,822,True,3,0.08365758754863756
72,sklearn.discriminant_analysis.LinearDiscriminantAnalysis,823,False,0,0.0
73,sklearn.discriminant_analysis.LinearDiscriminantAnalysis,833,True,1,0.4745762711864406
74,sklearn.discriminant_analysis.LinearDiscriminantAnalysis,837,True,2,0.7141020145735105
75,sklearn.discriminant_analysis.LinearDiscriminantAnalysis,843,True,1,0.058588548601864146
76,sklearn.discriminant_analysis.LinearDiscriminantAnalysis,845,True,2,0.19065981148243347
77,sklearn.discriminant_analysis.LinearDiscriminantAnalysis,846,True,1,1.0
78,sklearn.discriminant_analysis.LinearDiscriminantAnalysis,847,False,0,0.0
79,sklearn.discriminant_analysis.LinearDiscriminantAnalysis,849,True,2,0.2963333333333332
80,sklearn.discriminant_analysis.LinearDiscriminantAnalysis,866,True,3,0.5881418740074114
81,sklearn.discriminant_analysis.LinearDiscriminantAnalysis,871,True,4,0.8578512396694223
82,sklearn.discriminant_analysis.LinearDiscriminantAnalysis,881,True,1,0.03887055372203867
83,sklearn.discriminant_analysis.LinearDiscriminantAnalysis,897,True,1,0.705991352686844
84,sklearn.discriminant_analysis.LinearDiscriminantAnalysis,901,True,1,0.0826383623957545
85,sklearn.discriminant_analysis.LinearDiscriminantAnalysis,903,True,2,0.8183306055646481
86,sklearn.discriminant_analysis.LinearDiscriminantAnalysis,904,True,1,0.1725636250775915
87,sklearn.discriminant_analysis.LinearDiscriminantAnalysis,910,True,1,0.599880023995201
88,sklearn.discriminant_analysis.LinearDiscriminantAnalysis,912,True,3,1.0
89,sklearn.discriminant_analysis.LinearDiscriminantAnalysis,913,True,2,1.0
90,sklearn.discriminant_analysis.LinearDiscriminantAnalysis,914,True,1,0.3333333333333324
91,sklearn.discriminant_analysis.LinearDiscriminantAnalysis,917,True,1,0.2914478619654914
92,sklearn.discriminant_analysis.LinearDiscriminantAnalysis,923,True,4,0.29411764705882504
93,sklearn.discriminant_analysis.LinearDiscriminantAnalysis,930,True,1,0.5356089338390222
94,sklearn.discriminant_analysis.LinearDiscriminantAnalysis,934,True,1,0.8
95,sklearn.discriminant_analysis.LinearDiscriminantAnalysis,958,False,0,0.0
96,sklearn.discriminant_analysis.LinearDiscriminantAnalysis,959,True,1,0.07124125874125892
97,sklearn.discriminant_analysis.LinearDiscriminantAnalysis,966,True,2,0.21019108280254792
98,sklearn.discriminant_analysis.LinearDiscriminantAnalysis,976,False,0,0.0
99,sklearn.discriminant_analysis.LinearDiscriminantAnalysis,979,True,1,0.39532449406838827
100,sklearn.discriminant_analysis.LinearDiscriminantAnalysis,980,True,2,0.3508713136729223
101,sklearn.discriminant_analysis.LinearDiscriminantAnalysis,991,True,1,0.21448467966573806
102,sklearn.discriminant_analysis.LinearDiscriminantAnalysis,1041,True,1,0.4977643155920958
103,sklearn.discriminant_analysis.LinearDiscriminantAnalysis,1042,True,3,0.6489001692047378
104,sklearn.discriminant_analysis.LinearDiscriminantAnalysis,1053,True,2,0.11174089068825895
105,sklearn.discriminant_analysis.LinearDiscriminantAnalysis,1067,True,1,0.707136237256719
106,sklearn.discriminant_analysis.LinearDiscriminantAnalysis,1083,False,0,0.0
107,sklearn.discriminant_analysis.LinearDiscriminantAnalysis,1084,False,0,0.0
108,sklearn.discriminant_analysis.LinearDiscriminantAnalysis,1085,True,1,1.0
109,sklearn.discriminant_analysis.LinearDiscriminantAnalysis,1086,False,0,0.0
110,sklearn.discriminant_analysis.LinearDiscriminantAnalysis,1087,False,0,0.0
111,sklearn.discriminant_analysis.LinearDiscriminantAnalysis,1088,False,0,0.0
112,sklearn.discriminant_analysis.LinearDiscriminantAnalysis,1120,True,1,0.15674891146589315
113,sklearn.discriminant_analysis.LinearDiscriminantAnalysis,1128,True,1,0.16682113067655252
114,sklearn.discriminant_analysis.LinearDiscriminantAnalysis,1130,True,3,0.35024322446143147
115,sklearn.discriminant_analysis.LinearDiscriminantAnalysis,1134,True,1,0.3002084781097985
116,sklearn.discriminant_analysis.LinearDiscriminantAnalysis,1161,True,1,0.1429516876240904
117,sklearn.discriminant_analysis.LinearDiscriminantAnalysis,1233,True,1,0.12494687632809172
118,sklearn.discriminant_analysis.LinearDiscriminantAnalysis,1235,True,1,0.7333333333333333
119,sklearn.discriminant_analysis.LinearDiscriminantAnalysis,1236,False,0,0.0
120,sklearn.discriminant_analysis.LinearDiscriminantAnalysis,1448,True,2,0.7499999999999998
121,sklearn.discriminant_analysis.LinearDiscriminantAnalysis,1450,True,2,1.0
122,sklearn.discriminant_analysis.LinearDiscriminantAnalysis,1457,True,1,0.528991262907069
123,sklearn.discriminant_analysis.LinearDiscriminantAnalysis,1465,False,0,0.0
124,sklearn.discriminant_analysis.LinearDiscriminantAnalysis,1468,True,1,0.10459332943241663
125,sklearn.discriminant_analysis.LinearDiscriminantAnalysis,1475,True,1,0.5027392845633257
126,sklearn.discriminant_analysis.LinearDiscriminantAnalysis,1477,True,1,0.2445397815912636
127,sklearn.discriminant_analysis.LinearDiscriminantAnalysis,1479,True,3,0.5769392033542977
128,sklearn.discriminant_analysis.LinearDiscriminantAnalysis,1483,True,3,0.39512195121951216
129,sklearn.discriminant_analysis.LinearDiscriminantAnalysis,1485,True,4,0.3752743233357719
130,sklearn.discriminant_analysis.LinearDiscriminantAnalysis,1488,True,1,0.4998499849984997
131,sklearn.discriminant_analysis.LinearDiscriminantAnalysis,1489,True,2,0.6928838951310865
132,sklearn.discriminant_analysis.LinearDiscriminantAnalysis,1494,True,1,0.6249752622204631
133,sklearn.discriminant_analysis.LinearDiscriminantAnalysis,1499,False,0,0.0
134,sklearn.discriminant_analysis.LinearDiscriminantAnalysis,1503,True,5,0.40594059405940597
135,sklearn.discriminant_analysis.LinearDiscriminantAnalysis,1509,True,3,0.4220183486238531
136,sklearn.discriminant_analysis.LinearDiscriminantAnalysis,1515,False,0,0.0
137,sklearn.discriminant_analysis.LinearDiscriminantAnalysis,1566,True,2,0.6668529904974847
138,sklearn.discriminant_analysis.LinearDiscriminantAnalysis,1567,True,4,0.5974683544303796
139,sklearn.discriminant_analysis.LinearDiscriminantAnalysis,4134,True,3,0.4768081761006293
140,sklearn.discriminant_analysis.LinearDiscriminantAnalysis,4538,True,2,0.41614608361364724
141,sklearn.discriminant_analysis.LinearDiscriminantAnalysis,23512,True,1,0.24368499257058
142,sklearn.discriminant_analysis.LinearDiscriminantAnalysis,23517,True,5,0.6637931034482786
143,sklearn.discriminant_analysis.LinearDiscriminantAnalysis,40498,True,2,0.14083710407239836
144,sklearn.discriminant_analysis.LinearDiscriminantAnalysis,40685,True,4,0.6187499999999994
145,sklearn.discriminant_analysis.LinearDiscriminantAnalysis,40971,True,1,0.27280163599182006
146,sklearn.discriminant_analysis.LinearDiscriminantAnalysis,40975,False,0,0.0
147,sklearn.discriminant_analysis.LinearDiscriminantAnalysis,40981,False,0,0.0
148,sklearn.discriminant_analysis.LinearDiscriminantAnalysis,40982,True,1,0.0691007845503922
149,sklearn.discriminant_analysis.LinearDiscriminantAnalysis,40984,True,2,0.2860326894502226
150,sklearn.discriminant_analysis.LinearDiscriminantAnalysis,40996,True,1,0.6379170056956875
151,sklearn.discriminant_analysis.LinearDiscriminantAnalysis,41027,True,1,0.08883455582722101
152,sklearn.discriminant_analysis.LinearDiscriminantAnalysis,41142,True,1,0.6996515679442507
153,sklearn.discriminant_analysis.LinearDiscriminantAnalysis,41144,True,3,0.4400452488687783
154,sklearn.discriminant_analysis.LinearDiscriminantAnalysis,41145,True,2,0.34413453650533254
155,sklearn.discriminant_analysis.LinearDiscriminantAnalysis,41146,True,1,0.12114845938375335
156,sklearn.discriminant_analysis.LinearDiscriminantAnalysis,41150,True,1,0.3181299885974912
157,sklearn.discriminant_analysis.LinearDiscriminantAnalysis,41156,True,1,0.39809160305343533
158,sklearn.discriminant_analysis.LinearDiscriminantAnalysis,41157,True,1,0.5002249212775527
159,sklearn.discriminant_analysis.LinearDiscriminantAnalysis,41158,True,1,0.7936182669789227
160,sklearn.discriminant_analysis.LinearDiscriminantAnalysis,41159,True,3,0.363207547169811
161,sklearn.discriminant_analysis.LinearDiscriminantAnalysis,41161,True,3,0.24821917808219182
162,sklearn.discriminant_analysis.LinearDiscriminantAnalysis,41163,True,2,0.3426156141223271
163,sklearn.discriminant_analysis.LinearDiscriminantAnalysis,41164,True,1,0.08925619834710745
164,sklearn.discriminant_analysis.LinearDiscriminantAnalysis,41165,True,3,0.32044975404075904
165,sklearn.discriminant_analysis.LinearDiscriminantAnalysis,41166,True,1,0.624538745387454
166,sklearn.discriminant_analysis.LinearDiscriminantAnalysis,41168,True,1,0.3352459016393442
167,sklearn.discriminant_analysis.LinearDiscriminantAnalysis,41228,True,2,0.27840909090909094
168,sklearn.discriminant_analysis.LinearDiscriminantAnalysis,41972,True,2,0.2704890387858349
169,sklearn.discriminant_analysis.LinearDiscriminantAnalysis,42769,True,2,0.05514705882352946
170,sklearn.discriminant_analysis.LinearDiscriminantAnalysis,42809,True,3,0.6252110298255487
171,sklearn.discriminant_analysis.LinearDiscriminantAnalysis,42810,True,3,1.0
172,sklearn.discriminant_analysis.QuadraticDiscriminantAnalysis,6,False,0,0.0
173,sklearn.discriminant_analysis.QuadraticDiscriminantAnalysis,11,False,0,0.0
174,sklearn.discriminant_analysis.QuadraticDiscriminantAnalysis,12,True,2,0.3784046692607003
175,sklearn.discriminant_analysis.QuadraticDiscriminantAnalysis,14,True,2,0.26927869306382385
176,sklearn.discriminant_analysis.QuadraticDiscriminantAnalysis,16,True,2,0.14004560182407297
177,sklearn.discriminant_analysis.QuadraticDiscriminantAnalysis,18,True,1,1.0
178,sklearn.discriminant_analysis.QuadraticDiscriminantAnalysis,21,True,2,1.0
179,sklearn.discriminant_analysis.QuadraticDiscriminantAnalysis,22,True,1,0.30894189960485874
180,sklearn.discriminant_analysis.QuadraticDiscriminantAnalysis,23,True,3,0.571496437054632
181,sklearn.discriminant_analysis.QuadraticDiscriminantAnalysis,26,True,2,0.12199124726477037
182,sklearn.discriminant_analysis.QuadraticDiscriminantAnalysis,28,True,2,0.11523178807947015
183,sklearn.discriminant_analysis.QuadraticDiscriminantAnalysis,30,True,1,0.9978750531236719
184,sklearn.discriminant_analysis.QuadraticDiscriminantAnalysis,32,True,1,1.0
185,sklearn.discriminant_analysis.QuadraticDiscriminantAnalysis,36,True,3,0.443127962085308
186,sklearn.discriminant_analysis.QuadraticDiscriminantAnalysis,44,True,3,0.07974594213126306
187,sklearn.discriminant_analysis.QuadraticDiscriminantAnalysis,54,True,1,0.22215884785398549
188,sklearn.discriminant_analysis.QuadraticDiscriminantAnalysis,55,False,0,0.0
189,sklearn.discriminant_analysis.QuadraticDiscriminantAnalysis,60,True,2,0.0807102502017757
190,sklearn.discriminant_analysis.QuadraticDiscriminantAnalysis,61,False,0,0.0
191,sklearn.discriminant_analysis.QuadraticDiscriminantAnalysis,181,True,3,0.9129041654529565
192,sklearn.discriminant_analysis.QuadraticDiscriminantAnalysis,182,True,2,0.3482258064516131
193,sklearn.discriminant_analysis.QuadraticDiscriminantAnalysis,185,True,1,1.0
194,sklearn.discriminant_analysis.QuadraticDiscriminantAnalysis,201,True,1,1.0
195,sklearn.discriminant_analysis.QuadraticDiscriminantAnalysis,273,True,4,0.9599287622439893
196,sklearn.discriminant_analysis.QuadraticDiscriminantAnalysis,293,True,6,0.5664206642066425
197,sklearn.discriminant_analysis.QuadraticDiscriminantAnalysis,299,True,1,0.33333333333333326
198,sklearn.discriminant_analysis.QuadraticDiscriminantAnalysis,300,True,1,0.4988290398126463
199,sklearn.discriminant_analysis.QuadraticDiscriminantAnalysis,346,False,0,0.0
200,sklearn.discriminant_analysis.QuadraticDiscriminantAnalysis,351,False,0,0.0
201,sklearn.discriminant_analysis.QuadraticDiscriminantAnalysis,354,True,3,0.21581196581196574
202,sklearn.discriminant_analysis.QuadraticDiscriminantAnalysis,357,True,2,0.17503136762860716
203,sklearn.discriminant_analysis.QuadraticDiscriminantAnalysis,380,True,1,0.33340000000000003
204,sklearn.discriminant_analysis.QuadraticDiscriminantAnalysis,389,True,1,0.15771028037383175
205,sklearn.discriminant_analysis.QuadraticDiscriminantAnalysis,390,True,2,1.0
206,sklearn.discriminant_analysis.QuadraticDiscriminantAnalysis,391,True,2,0.43755310110450285
207,sklearn.discriminant_analysis.QuadraticDiscriminantAnalysis,392,True,2,0.5551061678463094
208,sklearn.discriminant_analysis.QuadraticDiscriminantAnalysis,393,True,4,0.7191448007774539
209,sklearn.discriminant_analysis.QuadraticDiscriminantAnalysis,395,True,1,0.5009380863039399
210,sklearn.discriminant_analysis.QuadraticDiscriminantAnalysis,396,True,3,1.0
211,sklearn.discriminant_analysis.QuadraticDiscriminantAnalysis,398,True,1,0.6261022927689593
212,sklearn.discriminant_analysis.QuadraticDiscriminantAnalysis,399,True,3,1.0
213,sklearn.discriminant_analysis.QuadraticDiscriminantAnalysis,401,True,2,0.8464912280701755
214,sklearn.discriminant_analysis.QuadraticDiscriminantAnalysis,446,True,1,0.6666000000000001
215,sklearn.discriminant_analysis.QuadraticDiscriminantAnalysis,554,True,1,0.2356020942408377
216,sklearn.discriminant_analysis.QuadraticDiscriminantAnalysis,679,True,2,0.43469470279013334
217,sklearn.discriminant_analysis.QuadraticDiscriminantAnalysis,715,True,1,0.39123630672926446
218,sklearn.discriminant_analysis.QuadraticDiscriminantAnalysis,718,True,2,0.8943628612032213
219,sklearn.discriminant_analysis.QuadraticDiscriminantAnalysis,720,True,2,0.7046186895810959
220,sklearn.discriminant_analysis.QuadraticDiscriminantAnalysis,722,True,3,0.31815830315571664
221,sklearn.discriminant_analysis.QuadraticDiscriminantAnalysis,723,True,1,0.6816693944353519
222,sklearn.discriminant_analysis.QuadraticDiscriminantAnalysis,727,False,0,0.0
223,sklearn.discriminant_analysis.QuadraticDiscriminantAnalysis,728,True,1,0.7548251748251749
224,sklearn.discriminant_analysis.QuadraticDiscriminantAnalysis,734,True,3,0.6714785651793527
225,sklearn.discriminant_analysis.QuadraticDiscriminantAnalysis,735,True,3,0.16426512968299695
226,sklearn.discriminant_analysis.QuadraticDiscriminantAnalysis,737,True,1,0.068876729964596
227,sklearn.discriminant_analysis.QuadraticDiscriminantAnalysis,740,True,2,0.5
228,sklearn.discriminant_analysis.QuadraticDiscriminantAnalysis,741,True,2,1.0
229,sklearn.discriminant_analysis.QuadraticDiscriminantAnalysis,743,True,3,0.5293806246691372
230,sklearn.discriminant_analysis.QuadraticDiscriminantAnalysis,751,True,1,0.24010079193664496
231,sklearn.discriminant_analysis.QuadraticDiscriminantAnalysis,752,True,2,0.2732606873428333
232,sklearn.discriminant_analysis.QuadraticDiscriminantAnalysis,761,False,0,0.0
233,sklearn.discriminant_analysis.QuadraticDiscriminantAnalysis,772,True,4,0.3999999999999994
234,sklearn.discriminant_analysis.QuadraticDiscriminantAnalysis,797,True,2,0.6666666666666666
235,sklearn.discriminant_analysis.QuadraticDiscriminantAnalysis,799,False,0,0.0
236,sklearn.discriminant_analysis.QuadraticDiscriminantAnalysis,803,False,0,0.0
237,sklearn.discriminant_analysis.QuadraticDiscriminantAnalysis,806,True,2,0.40899795501022496
238,sklearn.discriminant_analysis.QuadraticDiscriminantAnalysis,807,True,2,0.14255588359342072
239,sklearn.discriminant_analysis.QuadraticDiscriminantAnalysis,813,True,1,0.5450081833060557
240,sklearn.discriminant_analysis.QuadraticDiscriminantAnalysis,816,False,0,0.0
241,sklearn.discriminant_analysis.QuadraticDiscriminantAnalysis,819,False,0,0.0
242,sklearn.discriminant_analysis.QuadraticDiscriminantAnalysis,821,True,4,0.3037383177570093
243,sklearn.discriminant_analysis.QuadraticDiscriminantAnalysis,822,True,1,0.11735121542330268
244,sklearn.discriminant_analysis.QuadraticDiscriminantAnalysis,823,False,0,0.0
245,sklearn.discriminant_analysis.QuadraticDiscriminantAnalysis,833,False,0,0.0
246,sklearn.discriminant_analysis.QuadraticDiscriminantAnalysis,837,True,2,1.0
247,sklearn.discriminant_analysis.QuadraticDiscriminantAnalysis,843,True,1,0.08655446643240236
248,sklearn.discriminant_analysis.QuadraticDiscriminantAnalysis,845,False,0,0.0
249,sklearn.discriminant_analysis.QuadraticDiscriminantAnalysis,846,True,2,1.0
250,sklearn.discriminant_analysis.QuadraticDiscriminantAnalysis,847,True,1,0.27845363611786966
251,sklearn.discriminant_analysis.QuadraticDiscriminantAnalysis,849,True,1,0.7499196399871422
252,sklearn.discriminant_analysis.QuadraticDiscriminantAnalysis,866,True,3,0.5790719696969697
253,sklearn.discriminant_analysis.QuadraticDiscriminantAnalysis,871,True,3,0.9520661157024791
254,sklearn.discriminant_analysis.QuadraticDiscriminantAnalysis,881,True,1,1.0
255,sklearn.discriminant_analysis.QuadraticDiscriminantAnalysis,897,True,3,0.394860458690246
256,sklearn.discriminant_analysis.QuadraticDiscriminantAnalysis,901,False,0,0.0
257,sklearn.discriminant_analysis.QuadraticDiscriminantAnalysis,903,True,2,0.1762837480148227
258,sklearn.discriminant_analysis.QuadraticDiscriminantAnalysis,904,True,2,0.5770162686050536
259,sklearn.discriminant_analysis.QuadraticDiscriminantAnalysis,910,True,2,1.0
260,sklearn.discriminant_analysis.QuadraticDiscriminantAnalysis,912,True,3,0.7330533893221352
261,sklearn.discriminant_analysis.QuadraticDiscriminantAnalysis,913,True,1,0.3121484814398199
262,sklearn.discriminant_analysis.QuadraticDiscriminantAnalysis,914,True,2,0.5832083958020998
263,sklearn.discriminant_analysis.QuadraticDiscriminantAnalysis,917,True,1,0.3810544363480497
264,sklearn.discriminant_analysis.QuadraticDiscriminantAnalysis,923,False,0,0.0
265,sklearn.discriminant_analysis.QuadraticDiscriminantAnalysis,930,True,3,0.8095505617977529
266,sklearn.discriminant_analysis.QuadraticDiscriminantAnalysis,934,True,1,0.9152124096597919
267,sklearn.discriminant_analysis.QuadraticDiscriminantAnalysis,958,True,2,1.0
268,sklearn.discriminant_analysis.QuadraticDiscriminantAnalysis,959,True,1,0.0862455197132616
269,sklearn.discriminant_analysis.QuadraticDiscriminantAnalysis,962,True,1,1.0
270,sklearn.discriminant_analysis.QuadraticDiscriminantAnalysis,966,True,2,1.0
271,sklearn.discriminant_analysis.QuadraticDiscriminantAnalysis,971,True,1,0.5802222222222223
272,sklearn.discriminant_analysis.QuadraticDiscriminantAnalysis,976,False,0,0.0
273,sklearn.discriminant_analysis.QuadraticDiscriminantAnalysis,977,True,1,0.06940063091482597
274,sklearn.discriminant_analysis.QuadraticDiscriminantAnalysis,978,True,2,1.0
275,sklearn.discriminant_analysis.QuadraticDiscriminantAnalysis,979,True,1,0.6977507029053421
276,sklearn.discriminant_analysis.QuadraticDiscriminantAnalysis,980,True,2,0.7376229892238013
277,sklearn.discriminant_analysis.QuadraticDiscriminantAnalysis,991,True,2,0.41996879875194987
278,sklearn.discriminant_analysis.QuadraticDiscriminantAnalysis,995,True,1,0.3599712023038156
279,sklearn.discriminant_analysis.QuadraticDiscriminantAnalysis,1019,False,0,0.0
280,sklearn.discriminant_analysis.QuadraticDiscriminantAnalysis,1020,True,1,0.30394167236272496
281,sklearn.discriminant_analysis.QuadraticDiscriminantAnalysis,1021,True,2,0.10739436619718286
282,sklearn.discriminant_analysis.QuadraticDiscriminantAnalysis,1036,True,1,0.7620843332190606
283,sklearn.discriminant_analysis.QuadraticDiscriminantAnalysis,1040,True,3,0.47022900763358855
284,sklearn.discriminant_analysis.QuadraticDiscriminantAnalysis,1041,True,1,0.21733212341197822
285,sklearn.discriminant_analysis.QuadraticDiscriminantAnalysis,1042,True,2,0.48869565217391325
286,sklearn.discriminant_analysis.QuadraticDiscriminantAnalysis,1049,True,1,1.0
287,sklearn.discriminant_analysis.QuadraticDiscriminantAnalysis,1050,True,1,0.9383947939262473
288,sklearn.discriminant_analysis.QuadraticDiscriminantAnalysis,1053,True,2,0.9964824120603017
289,sklearn.discriminant_analysis.QuadraticDiscriminantAnalysis,1056,False,0,0.0
290,sklearn.discriminant_analysis.QuadraticDiscriminantAnalysis,1067,True,1,0.3126236644242187
291,sklearn.discriminant_analysis.QuadraticDiscriminantAnalysis,1068,True,1,1.0
292,sklearn.discriminant_analysis.QuadraticDiscriminantAnalysis,1069,False,0,0.0
293,sklearn.discriminant_analysis.QuadraticDiscriminantAnalysis,1083,True,1,0.14285714285714282
294,sklearn.discriminant_analysis.QuadraticDiscriminantAnalysis,1084,True,2,0.7142857142857143
295,sklearn.discriminant_analysis.QuadraticDiscriminantAnalysis,1085,True,2,0.42863266180882975
296,sklearn.discriminant_analysis.QuadraticDiscriminantAnalysis,1086,True,2,0.6314997263273125
297,sklearn.discriminant_analysis.QuadraticDiscriminantAnalysis,1087,True,2,0.6314997263273125
298,sklearn.discriminant_analysis.QuadraticDiscriminantAnalysis,1088,True,1,0.5002915451895045
299,sklearn.discriminant_analysis.QuadraticDiscriminantAnalysis,1116,True,3,0.4767299448867116
300,sklearn.discriminant_analysis.QuadraticDiscriminantAnalysis,1120,True,2,0.2285115303983225
301,sklearn.discriminant_analysis.QuadraticDiscriminantAnalysis,1128,True,1,0.11119691119691123
302,sklearn.discriminant_analysis.QuadraticDiscriminantAnalysis,1130,True,2,0.2812047494931943
303,sklearn.discriminant_analysis.QuadraticDiscriminantAnalysis,1134,True,2,1.0
304,sklearn.discriminant_analysis.QuadraticDiscriminantAnalysis,1138,True,3,0.601889338731444
305,sklearn.discriminant_analysis.QuadraticDiscriminantAnalysis,1139,True,3,0.8095048980672491
306,sklearn.discriminant_analysis.QuadraticDiscriminantAnalysis,1142,True,2,0.47839226352372327
307,sklearn.discriminant_analysis.QuadraticDiscriminantAnalysis,1146,True,1,0.6693195830063894
308,sklearn.discriminant_analysis.QuadraticDiscriminantAnalysis,1161,True,3,0.9031390134529145
309,sklearn.discriminant_analysis.QuadraticDiscriminantAnalysis,1166,True,1,0.07783783783783785
310,sklearn.discriminant_analysis.QuadraticDiscriminantAnalysis,1216,True,2,1.0
311,sklearn.discriminant_analysis.QuadraticDiscriminantAnalysis,1233,True,2,1.0
312,sklearn.discriminant_analysis.QuadraticDiscriminantAnalysis,1235,True,5,0.9680811115283516
313,sklearn.discriminant_analysis.QuadraticDiscriminantAnalysis,1236,True,1,1.0
314,sklearn.discriminant_analysis.QuadraticDiscriminantAnalysis,1441,True,1,0.5556098753361036
315,sklearn.discriminant_analysis.QuadraticDiscriminantAnalysis,1448,False,0,0.0
316,sklearn.discriminant_analysis.QuadraticDiscriminantAnalysis,1450,True,1,0.6667999999999998
317,sklearn.discriminant_analysis.QuadraticDiscriminantAnalysis,1457,True,1,0.33632286995515703
318,sklearn.discriminant_analysis.QuadraticDiscriminantAnalysis,1464,True,1,0.611069134869664
319,sklearn.discriminant_analysis.QuadraticDiscriminantAnalysis,1465,True,1,0.25
320,sklearn.discriminant_analysis.QuadraticDiscriminantAnalysis,1468,True,2,0.44420250408274364
321,sklearn.discriminant_analysis.QuadraticDiscriminantAnalysis,1475,True,2,0.7705510388437219
322,sklearn.discriminant_analysis.QuadraticDiscriminantAnalysis,1477,True,2,0.26683591662212724
323,sklearn.discriminant_analysis.QuadraticDiscriminantAnalysis,1479,True,2,0.5
324,sklearn.discriminant_analysis.QuadraticDiscriminantAnalysis,1483,True,5,0.8082901554404145
325,sklearn.discriminant_analysis.QuadraticDiscriminantAnalysis,1485,True,4,0.8287625418060204
326,sklearn.discriminant_analysis.QuadraticDiscriminantAnalysis,1487,True,1,0.9717405266538214
327,sklearn.discriminant_analysis.QuadraticDiscriminantAnalysis,1488,True,1,0.6668000000000001
328,sklearn.discriminant_analysis.QuadraticDiscriminantAnalysis,1489,True,2,0.6412500000000004
329,sklearn.discriminant_analysis.QuadraticDiscriminantAnalysis,1494,True,2,0.6870546318289787
330,sklearn.discriminant_analysis.QuadraticDiscriminantAnalysis,1499,False,0,0.0
331,sklearn.discriminant_analysis.QuadraticDiscriminantAnalysis,1503,True,4,0.7819548872180451
332,sklearn.discriminant_analysis.QuadraticDiscriminantAnalysis,1509,True,1,0.8295918367346938
333,sklearn.discriminant_analysis.QuadraticDiscriminantAnalysis,1515,True,1,0.4002079002079002
334,sklearn.discriminant_analysis.QuadraticDiscriminantAnalysis,1566,True,2,0.8260663507109002
335,sklearn.discriminant_analysis.QuadraticDiscriminantAnalysis,1567,True,3,0.9480614484272127
336,sklearn.discriminant_analysis.QuadraticDiscriminantAnalysis,1575,True,5,0.49204301075268814
337,sklearn.discriminant_analysis.QuadraticDiscriminantAnalysis,1597,True,2,0.8125000000000007
338,sklearn.discriminant_analysis.QuadraticDiscriminantAnalysis,4134,True,3,0.5714285714285714
339,sklearn.discriminant_analysis.QuadraticDiscriminantAnalysis,4137,True,2,1.0
340,sklearn.discriminant_analysis.QuadraticDiscriminantAnalysis,4538,True,2,0.40847941296371787
341,sklearn.discriminant_analysis.QuadraticDiscriminantAnalysis,23512,True,3,0.1605667060212515
342,sklearn.discriminant_analysis.QuadraticDiscriminantAnalysis,23517,True,6,0.5887096774193561
343,sklearn.discriminant_analysis.QuadraticDiscriminantAnalysis,40498,True,3,0.32292145153881474
344,sklearn.discriminant_analysis.QuadraticDiscriminantAnalysis,40685,True,3,0.9995905834186285
345,sklearn.discriminant_analysis.QuadraticDiscriminantAnalysis,40701,True,1,0.9753671245855045
346,sklearn.discriminant_analysis.QuadraticDiscriminantAnalysis,40900,True,2,0.8320610687022888
347,sklearn.discriminant_analysis.QuadraticDiscriminantAnalysis,40910,True,2,0.5494442861214021
348,sklearn.discriminant_analysis.QuadraticDiscriminantAnalysis,40971,False,0,0.0
349,sklearn.discriminant_analysis.QuadraticDiscriminantAnalysis,40975,True,2,1.0
350,sklearn.discriminant_analysis.QuadraticDiscriminantAnalysis,40981,True,2,1.0
351,sklearn.discriminant_analysis.QuadraticDiscriminantAnalysis,40982,True,1,0.5154498222586821
352,sklearn.discriminant_analysis.QuadraticDiscriminantAnalysis,40983,True,1,0.19126819126819086
353,sklearn.discriminant_analysis.QuadraticDiscriminantAnalysis,40984,True,3,0.48601142522337776
354,sklearn.discriminant_analysis.QuadraticDiscriminantAnalysis,40994,False,0,0.0
355,sklearn.discriminant_analysis.QuadraticDiscriminantAnalysis,40996,True,2,0.06429712460063897
356,sklearn.discriminant_analysis.QuadraticDiscriminantAnalysis,41027,True,2,0.08066896212493835
357,sklearn.discriminant_analysis.QuadraticDiscriminantAnalysis,41142,True,3,0.2979821679962459
358,sklearn.discriminant_analysis.QuadraticDiscriminantAnalysis,41144,True,3,0.7551963048498845
359,sklearn.discriminant_analysis.QuadraticDiscriminantAnalysis,41145,True,4,0.444574095682614
360,sklearn.discriminant_analysis.QuadraticDiscriminantAnalysis,41146,True,1,0.4198570699336395
361,sklearn.discriminant_analysis.QuadraticDiscriminantAnalysis,41150,True,4,0.5192592592592594
362,sklearn.discriminant_analysis.QuadraticDiscriminantAnalysis,41156,True,4,0.9943901932266777
363,sklearn.discriminant_analysis.QuadraticDiscriminantAnalysis,41157,True,2,1.0
364,sklearn.discriminant_analysis.QuadraticDiscriminantAnalysis,41158,True,3,0.20873634945397837
365,sklearn.discriminant_analysis.QuadraticDiscriminantAnalysis,41159,True,4,0.78448275862069
366,sklearn.discriminant_analysis.QuadraticDiscriminantAnalysis,41161,True,3,0.36503581771071486
367,sklearn.discriminant_analysis.QuadraticDiscriminantAnalysis,41163,True,3,0.251451800232288
368,sklearn.discriminant_analysis.QuadraticDiscriminantAnalysis,41164,True,4,0.21370967741935482
369,sklearn.discriminant_analysis.QuadraticDiscriminantAnalysis,41165,True,4,1.0
370,sklearn.discriminant_analysis.QuadraticDiscriminantAnalysis,41166,True,4,0.3301540719002201
371,sklearn.discriminant_analysis.QuadraticDiscriminantAnalysis,41168,True,2,0.13519313304721028
372,sklearn.discriminant_analysis.QuadraticDiscriminantAnalysis,41169,False,0,0.0
373,sklearn.discriminant_analysis.QuadraticDiscriminantAnalysis,41228,True,7,0.24852941176470544
374,sklearn.discriminant_analysis.QuadraticDiscriminantAnalysis,41972,True,4,0.31611862013314507
375,sklearn.discriminant_analysis.QuadraticDiscriminantAnalysis,42769,True,1,0.144578313253012
376,sklearn.discriminant_analysis.QuadraticDiscriminantAnalysis,42809,True,4,0.7274959083469722
377,sklearn.discriminant_analysis.QuadraticDiscriminantAnalysis,42810,True,4,0.9775999999999998
378,sklearn.linear_model.SGDClassifier,3,True,3,0.578417765440666
379,sklearn.linear_model.SGDClassifier,6,True,3,0.2423337315810435
380,sklearn.linear_model.SGDClassifier,11,True,1,0.11770623742454735
381,sklearn.linear_model.SGDClassifier,12,True,3,0.28975791433891984
382,sklearn.linear_model.SGDClassifier,13,True,1,1.0
383,sklearn.linear_model.SGDClassifier,14,True,1,0.09648742411101471
384,sklearn.linear_model.SGDClassifier,16,False,0,0.0
385,sklearn.linear_model.SGDClassifier,18,True,3,0.6293333333333333
386,sklearn.linear_model.SGDClassifier,21,True,1,0.16104680422747877
387,sklearn.linear_model.SGDClassifier,22,True,1,0.11892007713734731
388,sklearn.linear_model.SGDClassifier,23,True,3,0.9706687524442706
389,sklearn.linear_model.SGDClassifier,24,True,2,0.2823639774859288
390,sklearn.linear_model.SGDClassifier,26,True,2,0.2132526067944837
391,sklearn.linear_model.SGDClassifier,28,False,0,0.0
392,sklearn.linear_model.SGDClassifier,30,True,4,0.9755511022044089
393,sklearn.linear_model.SGDClassifier,31,True,1,1.0
394,sklearn.linear_model.SGDClassifier,32,True,5,0.27292656192911946
395,sklearn.linear_model.SGDClassifier,36,True,2,0.14559773828756045
396,sklearn.linear_model.SGDClassifier,38,True,1,1.0
397,sklearn.linear_model.SGDClassifier,44,True,4,0.5389191869112543
398,sklearn.linear_model.SGDClassifier,46,True,2,0.17573333333333352
399,sklearn.linear_model.SGDClassifier,54,True,2,0.4998519395913532
400,sklearn.linear_model.SGDClassifier,55,True,1,0.7500875043752186
401,sklearn.linear_model.SGDClassifier,57,True,2,0.9353070175438595
402,sklearn.linear_model.SGDClassifier,60,True,3,0.22708674304418988
403,sklearn.linear_model.SGDClassifier,61,True,1,0.3998879865583868
404,sklearn.linear_model.SGDClassifier,179,True,3,0.7694545454545454
405,sklearn.linear_model.SGDClassifier,180,True,4,0.8394568690095846
406,sklearn.linear_model.SGDClassifier,181,True,3,0.3702233250620348
407,sklearn.linear_model.SGDClassifier,182,True,3,0.39184807781380276
408,sklearn.linear_model.SGDClassifier,184,True,4,0.2841648590021692
409,sklearn.linear_model.SGDClassifier,185,True,1,0.18518933452834418
410,sklearn.linear_model.SGDClassifier,188,True,3,0.5001675041876047
411,sklearn.linear_model.SGDClassifier,201,True,4,0.6659771066059855
412,sklearn.linear_model.SGDClassifier,273,True,3,0.3098927294398089
413,sklearn.linear_model.SGDClassifier,293,True,4,0.5885341074020319
414,sklearn.linear_model.SGDClassifier,299,True,2,0.4998350379412736
415,sklearn.linear_model.SGDClassifier,300,False,0,0.0
416,sklearn.linear_model.SGDClassifier,336,True,1,1.0
417,sklearn.linear_model.SGDClassifier,346,False,0,0.0
418,sklearn.linear_model.SGDClassifier,351,True,3,0.7677053824362603
419,sklearn.linear_model.SGDClassifier,354,True,6,0.8271604938271588
420,sklearn.linear_model.SGDClassifier,357,True,5,0.585714285714286
421,sklearn.linear_model.SGDClassifier,380,False,0,0.0
422,sklearn.linear_model.SGDClassifier,389,True,1,0.08903055616619032
423,sklearn.linear_model.SGDClassifier,390,False,0,0.0
424,sklearn.linear_model.SGDClassifier,391,False,0,0.0
425,sklearn.linear_model.SGDClassifier,392,True,1,0.11354705274043446
426,sklearn.linear_model.SGDClassifier,393,False,0,0.0
427,sklearn.linear_model.SGDClassifier,395,False,0,0.0
428,sklearn.linear_model.SGDClassifier,396,True,1,0.11715575620767484
429,sklearn.linear_model.SGDClassifier,398,False,0,0.0
430,sklearn.linear_model.SGDClassifier,399,False,0,0.0
431,sklearn.linear_model.SGDClassifier,401,False,0,0.0
432,sklearn.linear_model.SGDClassifier,446,False,0,0.0
433,sklearn.linear_model.SGDClassifier,554,True,2,0.10718685831622182
434,sklearn.linear_model.SGDClassifier,679,True,3,0.9330440173589585
435,sklearn.linear_model.SGDClassifier,715,True,2,1.0
436,sklearn.linear_model.SGDClassifier,718,True,3,1.0
437,sklearn.linear_model.SGDClassifier,720,True,4,0.5592356687898091
438,sklearn.linear_model.SGDClassifier,722,True,4,0.6102167182662538
439,sklearn.linear_model.SGDClassifier,723,True,4,0.6920415224913495
440,sklearn.linear_model.SGDClassifier,727,True,3,0.22662337662337614
441,sklearn.linear_model.SGDClassifier,728,True,2,1.0
442,sklearn.linear_model.SGDClassifier,734,True,3,0.5786585365853658
443,sklearn.linear_model.SGDClassifier,735,True,3,1.0
444,sklearn.linear_model.SGDClassifier,737,True,4,1.0
445,sklearn.linear_model.SGDClassifier,740,True,2,1.0
446,sklearn.linear_model.SGDClassifier,741,True,3,1.0
447,sklearn.linear_model.SGDClassifier,743,True,3,0.9048435490784398
448,sklearn.linear_model.SGDClassifier,751,True,4,0.7853470437017995
449,sklearn.linear_model.SGDClassifier,752,True,4,0.6179450072358896
450,sklearn.linear_model.SGDClassifier,761,True,3,0.8823053589484329
451,sklearn.linear_model.SGDClassifier,772,True,4,0.9090909090909092
452,sklearn.linear_model.SGDClassifier,797,True,2,0.7274959083469722
453,sklearn.linear_model.SGDClassifier,799,True,2,0.5336134453781516
454,sklearn.linear_model.SGDClassifier,803,True,4,0.9498596068993183
455,sklearn.linear_model.SGDClassifier,806,True,2,0.42112742775935574
456,sklearn.linear_model.SGDClassifier,807,True,3,0.7472434266327401
457,sklearn.linear_model.SGDClassifier,813,True,3,0.4282958199356913
458,sklearn.linear_model.SGDClassifier,816,True,2,0.9700315457413248
459,sklearn.linear_model.SGDClassifier,819,True,5,0.8231245698554718
460,sklearn.linear_model.SGDClassifier,821,True,6,1.0
461,sklearn.linear_model.SGDClassifier,822,True,7,0.615573267933783
462,sklearn.linear_model.SGDClassifier,823,True,7,0.9813486370157816
463,sklearn.linear_model.SGDClassifier,833,True,2,0.9425904977375567
464,sklearn.linear_model.SGDClassifier,837,True,2,0.889
465,sklearn.linear_model.SGDClassifier,843,True,2,0.9216173480912583
466,sklearn.linear_model.SGDClassifier,845,True,2,0.4500450045004503
467,sklearn.linear_model.SGDClassifier,846,True,4,0.48345784418356463
468,sklearn.linear_model.SGDClassifier,847,True,4,0.8801515869256277
469,sklearn.linear_model.SGDClassifier,849,True,1,0.347809076682316
470,sklearn.linear_model.SGDClassifier,866,True,3,0.4445
471,sklearn.linear_model.SGDClassifier,871,True,4,0.862776025236594
472,sklearn.linear_model.SGDClassifier,881,True,4,0.7994853523357088
473,sklearn.linear_model.SGDClassifier,897,True,3,0.7055555555555556
474,sklearn.linear_model.SGDClassifier,901,True,3,0.27849686847599153
475,sklearn.linear_model.SGDClassifier,903,True,3,1.0
476,sklearn.linear_model.SGDClassifier,904,True,2,0.3000449842555109
477,sklearn.linear_model.SGDClassifier,910,True,2,0.8750703432751828
478,sklearn.linear_model.SGDClassifier,912,True,3,0.9714579583440474
479,sklearn.linear_model.SGDClassifier,913,True,3,0.9091653027823241
480,sklearn.linear_model.SGDClassifier,914,True,1,0.9166666666666667
481,sklearn.linear_model.SGDClassifier,917,True,2,0.8183306055646481
482,sklearn.linear_model.SGDClassifier,923,True,3,0.4222862632084534
483,sklearn.linear_model.SGDClassifier,930,True,3,0.7894409937888197
484,sklearn.linear_model.SGDClassifier,934,True,2,0.9667244367417676
485,sklearn.linear_model.SGDClassifier,953,True,1,0.06734137796808132
486,sklearn.linear_model.SGDClassifier,958,True,1,0.2999168053244591
487,sklearn.linear_model.SGDClassifier,959,True,2,0.10714285714285729
488,sklearn.linear_model.SGDClassifier,962,True,1,0.3074792243767316
489,sklearn.linear_model.SGDClassifier,966,True,1,0.6019736842105262
490,sklearn.linear_model.SGDClassifier,971,True,1,1.0
491,sklearn.linear_model.SGDClassifier,976,True,4,0.4372549019607844
492,sklearn.linear_model.SGDClassifier,977,True,4,0.9851885098743269
493,sklearn.linear_model.SGDClassifier,978,True,2,0.7573609596510361
494,sklearn.linear_model.SGDClassifier,979,True,4,0.49238227146814373
495,sklearn.linear_model.SGDClassifier,980,True,2,0.5888456549935167
496,sklearn.linear_model.SGDClassifier,991,True,1,0.3333333333333333
497,sklearn.linear_model.SGDClassifier,993,True,3,0.1446886446886439
498,sklearn.linear_model.SGDClassifier,995,True,3,0.7146529562982009
499,sklearn.linear_model.SGDClassifier,1000,True,2,1.0
500,sklearn.linear_model.SGDClassifier,1002,True,4,0.6042319749216295
501,sklearn.linear_model.SGDClassifier,1018,True,4,0.8373983739837397
502,sklearn.linear_model.SGDClassifier,1019,True,2,0.2525597269624574
503,sklearn.linear_model.SGDClassifier,1020,True,1,0.18963376784605845
504,sklearn.linear_model.SGDClassifier,1021,True,1,0.3790569503980405
505,sklearn.linear_model.SGDClassifier,1036,True,4,0.527551020408163
506,sklearn.linear_model.SGDClassifier,1040,True,1,0.8226102941176467
507,sklearn.linear_model.SGDClassifier,1041,False,0,0.0
508,sklearn.linear_model.SGDClassifier,1042,True,3,0.2544731610337973
509,sklearn.linear_model.SGDClassifier,1049,True,2,1.0
510,sklearn.linear_model.SGDClassifier,1050,True,2,0.7701981707317073
511,sklearn.linear_model.SGDClassifier,1053,True,2,1.0
512,sklearn.linear_model.SGDClassifier,1056,True,2,1.0
513,sklearn.linear_model.SGDClassifier,1067,True,2,0.9835113065326634
514,sklearn.linear_model.SGDClassifier,1068,True,3,1.0
515,sklearn.linear_model.SGDClassifier,1069,True,2,1.0
516,sklearn.linear_model.SGDClassifier,1083,True,2,0.6
517,sklearn.linear_model.SGDClassifier,1084,True,2,1.0
518,sklearn.linear_model.SGDClassifier,1085,True,1,0.7499062617172854
519,sklearn.linear_model.SGDClassifier,1086,True,1,1.0
520,sklearn.linear_model.SGDClassifier,1087,True,1,1.0
521,sklearn.linear_model.SGDClassifier,1088,True,2,0.38476036618201415
522,sklearn.linear_model.SGDClassifier,1111,True,2,0.9972789115646247
523,sklearn.linear_model.SGDClassifier,1112,True,4,0.9721792890262765
524,sklearn.linear_model.SGDClassifier,1114,True,5,1.0
525,sklearn.linear_model.SGDClassifier,1116,True,3,0.3441890166028099
526,sklearn.linear_model.SGDClassifier,1119,True,5,0.3803216650898771
527,sklearn.linear_model.SGDClassifier,1120,True,2,0.7240303165403477
528,sklearn.linear_model.SGDClassifier,1128,True,1,0.44993045897079326
529,sklearn.linear_model.SGDClassifier,1130,False,0,0.0
530,sklearn.linear_model.SGDClassifier,1134,True,1,0.299513551077137
531,sklearn.linear_model.SGDClassifier,1138,True,2,0.7149950347567037
532,sklearn.linear_model.SGDClassifier,1139,True,3,0.33371958285052056
533,sklearn.linear_model.SGDClassifier,1142,True,3,1.0
534,sklearn.linear_model.SGDClassifier,1146,True,3,0.2084539664157501
535,sklearn.linear_model.SGDClassifier,1161,True,2,0.5710029791459786
536,sklearn.linear_model.SGDClassifier,1166,True,3,0.7877000842459982
537,sklearn.linear_model.SGDClassifier,1216,True,2,1.0
538,sklearn.linear_model.SGDClassifier,1233,True,3,1.0
539,sklearn.linear_model.SGDClassifier,1235,True,6,1.0
540,sklearn.linear_model.SGDClassifier,1236,False,0,0.0
541,sklearn.linear_model.SGDClassifier,1441,True,1,1.0
542,sklearn.linear_model.SGDClassifier,1448,True,2,1.0
543,sklearn.linear_model.SGDClassifier,1450,True,2,1.0
544,sklearn.linear_model.SGDClassifier,1457,False,0,0.0
545,sklearn.linear_model.SGDClassifier,1461,True,3,0.8717948717948715
546,sklearn.linear_model.SGDClassifier,1464,True,2,0.9231037489102009
547,sklearn.linear_model.SGDClassifier,1465,True,1,1.0
548,sklearn.linear_model.SGDClassifier,1468,False,0,0.0
549,sklearn.linear_model.SGDClassifier,1475,True,2,0.5506772536198038
550,sklearn.linear_model.SGDClassifier,1477,True,3,0.3873612297181896
551,sklearn.linear_model.SGDClassifier,1479,True,1,0.43993895792456944
552,sklearn.linear_model.SGDClassifier,1483,True,7,0.9467275494672758
553,sklearn.linear_model.SGDClassifier,1485,True,3,0.3497076023391814
554,sklearn.linear_model.SGDClassifier,1486,True,3,0.4593881856540088
555,sklearn.linear_model.SGDClassifier,1487,True,1,1.0
556,sklearn.linear_model.SGDClassifier,1488,True,1,0.19996400287976954
557,sklearn.linear_model.SGDClassifier,1489,True,3,1.0
558,sklearn.linear_model.SGDClassifier,1494,True,2,0.9440633245382583
559,sklearn.linear_model.SGDClassifier,1499,True,1,0.38468284127448116
560,sklearn.linear_model.SGDClassifier,1503,True,3,0.5974025974025975
561,sklearn.linear_model.SGDClassifier,1509,True,4,0.8195991091314029
562,sklearn.linear_model.SGDClassifier,1515,False,0,0.0
563,sklearn.linear_model.SGDClassifier,1566,True,1,0.14911873840445264
564,sklearn.linear_model.SGDClassifier,1567,True,1,0.28474042999475613
565,sklearn.linear_model.SGDClassifier,1575,True,3,0.7221711131554741
566,sklearn.linear_model.SGDClassifier,1590,True,3,0.6135265700483089
567,sklearn.linear_model.SGDClassifier,1592,False,0,0.0
568,sklearn.linear_model.SGDClassifier,1597,True,1,0.13793103448276192
569,sklearn.linear_model.SGDClassifier,4134,True,3,0.3945729537366548
570,sklearn.linear_model.SGDClassifier,4135,True,4,0.6816406249999983
571,sklearn.linear_model.SGDClassifier,4137,True,3,0.33294797687861316
572,sklearn.linear_model.SGDClassifier,4534,True,2,0.36378378378378345
573,sklearn.linear_model.SGDClassifier,4538,True,4,0.9101956135151156
574,sklearn.linear_model.SGDClassifier,4541,True,4,0.7669291338582676
575,sklearn.linear_model.SGDClassifier,23512,True,5,0.3836565096952908
576,sklearn.linear_model.SGDClassifier,23517,True,7,0.5677966101694899
577,sklearn.linear_model.SGDClassifier,40498,True,4,0.876737160120846
578,sklearn.linear_model.SGDClassifier,40664,True,3,0.17213555675094155
579,sklearn.linear_model.SGDClassifier,40668,True,3,0.5672797676669892
580,sklearn.linear_model.SGDClassifier,40670,False,0,0.0
581,sklearn.linear_model.SGDClassifier,40672,True,4,0.37074401008827196
582,sklearn.linear_model.SGDClassifier,40677,True,1,0.07088866189989776
583,sklearn.linear_model.SGDClassifier,40685,True,5,0.6489698890649761
584,sklearn.linear_model.SGDClassifier,40687,True,3,0.7005758157389633
585,sklearn.linear_model.SGDClassifier,40701,True,2,0.563128003494976
586,sklearn.linear_model.SGDClassifier,40713,False,0,0.0
587,sklearn.linear_model.SGDClassifier,40900,True,3,1.0
588,sklearn.linear_model.SGDClassifier,40910,True,1,0.3020050125313285
589,sklearn.linear_model.SGDClassifier,40971,True,2,0.42802056555269924
590,sklearn.linear_model.SGDClassifier,40975,True,3,0.2802746566791507
591,sklearn.linear_model.SGDClassifier,40978,True,1,0.34263959390862936
592,sklearn.linear_model.SGDClassifier,40981,True,2,0.33342084536623784
593,sklearn.linear_model.SGDClassifier,40982,True,4,1.0
594,sklearn.linear_model.SGDClassifier,40983,True,2,1.0
595,sklearn.linear_model.SGDClassifier,40984,True,3,0.4415961305925032
596,sklearn.linear_model.SGDClassifier,40994,True,2,0.40000000000000063
597,sklearn.linear_model.SGDClassifier,40996,True,2,0.12048192771084347
598,sklearn.linear_model.SGDClassifier,41027,True,4,0.4135044642857145
599,sklearn.linear_model.SGDClassifier,41142,True,4,0.7680339462517676
600,sklearn.linear_model.SGDClassifier,41143,True,2,0.5382626680455014
601,sklearn.linear_model.SGDClassifier,41144,True,3,0.3814016172506735
602,sklearn.linear_model.SGDClassifier,41145,True,4,1.0
603,sklearn.linear_model.SGDClassifier,41146,True,3,0.407136030582988
604,sklearn.linear_model.SGDClassifier,41150,True,7,0.6395468589083423
605,sklearn.linear_model.SGDClassifier,41156,True,3,0.9851135094901379
606,sklearn.linear_model.SGDClassifier,41157,True,1,0.24994375703037125
607,sklearn.linear_model.SGDClassifier,41158,True,2,0.15268960908787194
608,sklearn.linear_model.SGDClassifier,41159,True,4,0.4896161107614855
609,sklearn.linear_model.SGDClassifier,41161,True,2,0.12123385939741727
610,sklearn.linear_model.SGDClassifier,41163,True,1,0.08382823206943799
611,sklearn.linear_model.SGDClassifier,41164,True,1,0.14145907473309607
612,sklearn.linear_model.SGDClassifier,41165,True,3,0.17579075425790774
613,sklearn.linear_model.SGDClassifier,41166,True,6,0.26992896606156264
614,sklearn.linear_model.SGDClassifier,41167,True,7,0.9292929292929292
615,sklearn.linear_model.SGDClassifier,41168,True,4,0.7170989433237274
616,sklearn.linear_model.SGDClassifier,41169,True,5,0.5659259259259258
617,sklearn.linear_model.SGDClassifier,41228,True,6,0.35047361299052787
618,sklearn.linear_model.SGDClassifier,41972,True,2,0.2822530285999751
619,sklearn.linear_model.SGDClassifier,42732,True,2,1.0
620,sklearn.linear_model.SGDClassifier,42733,True,3,1.0
621,sklearn.linear_model.SGDClassifier,42734,True,3,0.5473766640563831
622,sklearn.linear_model.SGDClassifier,42742,True,4,1.0
623,sklearn.linear_model.SGDClassifier,42769,True,4,0.3014416775884669
624,sklearn.linear_model.SGDClassifier,42809,True,3,0.36415711947626833
625,sklearn.linear_model.SGDClassifier,42810,True,3,0.9823232323232322
